rank	candidate	score	fp_dist	inlier_pct	rmsd_A	n_clash	clash_pct	verdict	label
1	1sgk_A_cleaned	-1.0	0.0	1.0	0.00	0	0.0	PREDICTED BINDER	binder
2	1SGK_cleaned	-1.0	0.0	1.0	0.00	0	0.0	PREDICTED BINDER	binder
3	1tox_A_cleaned	-0.7994	0.0233	1.0	0.19	0	0.0	PREDICTED BINDER	binder
4	1f0l_A_cleaned	-0.7145	0.0358	1.0	0.15	0	0.0	PREDICTED BINDER	binder
5	1F0L_cleaned	-0.5923	0.0354	0.875	0.16	0	0.0	PREDICTED BINDER	binder
6	1tox_cleaned	-0.5578	0.0222	0.75	0.19	0	0.0	PREDICTED BINDER	binder
7	mutoutside_9_af3_cleaned	0.0776	0.0908	0.625	0.27	0	0.0	PREDICTED BINDER	non-binder
8	mutoutside_13_af3_cleaned	0.1347	0.0979	0.625	0.30	0	0.0	PREDICTED BINDER	non-binder
9	mutoutside_1_af3_cleaned	0.1977	0.0786	0.625	1.48	0	0.0	PREDICTED BINDER	non-binder
10	6p72_A_cleaned	0.3698	0.0848	0.5	1.49	0	0.0	PREDICTED BINDER	non-binder
11	2bba_A_cleaned	0.3903	0.0883	0.5	1.46	0	0.0	PREDICTED BINDER	non-binder
12	2hle_cleaned	0.4172	0.092	0.5	1.47	0	0.0	PREDICTED BINDER	non-binder
13	2hle_A_cleaned	0.4433	0.0956	0.5	1.47	0	0.0	PREDICTED BINDER	non-binder
14	6cmg_A_cleaned	0.5954	0.0997	0.5	2.18	0	0.0	PREDICTED BINDER	non-binder
15	3d12_A_cleaned	0.5993	0.0944	0.375	1.69	0	0.0	PREDICTED BINDER	non-binder
16	6cmi_cleaned	0.6011	0.0876	0.375	1.99	0	0.0	PREDICTED BINDER	non-binder
17	3d11_cleaned	0.6254	0.0947	0.375	1.83	0	0.0	PREDICTED BINDER	non-binder
18	A_B_b3_cleaned	0.6273	0.0953	0.375	1.82	0	0.0	PREDICTED BINDER	non-binder
19	8wjb_A_cleaned	0.6538	0.1002	0.375	1.77	0	0.0	PREDICTED BINDER	non-binder
20	8xc4_A_cleaned	0.6556	0.0927	0.375	2.09	0	0.0	PREDICTED BINDER	non-binder
21	A_B_b3_noPTM_A_cleaned	0.657	0.0944	0.375	2.03	0	0.0	PREDICTED BINDER	non-binder
22	2bba_cleaned	0.662	0.095	0.375	2.03	0	0.0	PREDICTED BINDER	non-binder
23	6vy5_A_cleaned	0.6744	0.1027	0.375	1.78	0	0.0	PREDICTED BINDER	non-binder
24	mutconserved_9_af3_cleaned	0.6747	0.11	0.375	1.48	0	0.0	PREDICTED BINDER	non-binder
25	6pd4_A_cleaned	0.6839	0.0992	0.375	1.99	0	0.0	PREDICTED BINDER	non-binder
26	3d12_cleaned	0.695	0.0939	0.375	2.27	0	0.0	PREDICTED BINDER	non-binder
27	b3_cleaned	0.695	0.0939	0.375	2.27	0	0.0	PREDICTED BINDER	non-binder
28	mutconserved_10_af3_cleaned	0.6962	0.1099	0.375	1.61	0	0.0	PREDICTED BINDER	non-binder
29	6pdl_A_cleaned	0.6994	0.0967	0.375	2.18	0	0.0	PREDICTED BINDER	non-binder
30	9dvd_A_cleaned	0.7029	0.1002	0.375	2.05	0	0.0	PREDICTED BINDER	non-binder
31	2vwd_cleaned	0.7118	0.1032	0.375	1.98	0	0.0	PREDICTED BINDER	non-binder
32	2vsk_A_cleaned	0.7226	0.1055	0.375	1.94	0	0.0	PREDICTED BINDER	non-binder
33	brca1_cleaned	0.7298	0.1045	0.375	2.03	0	0.0	PREDICTED BINDER	non-binder
34	1trn_A_cleaned	0.7309	0.1173	0.375	1.50	0	0.0	PREDICTED BINDER	non-binder
35	8vf1_A_cleaned	0.7311	0.1028	0.375	2.11	0	0.0	PREDICTED BINDER	non-binder
36	2x9m_A_cleaned	0.7312	0.1062	0.375	1.97	0	0.0	PREDICTED BINDER	non-binder
37	A_B_b3_A_cleaned	0.7327	0.0944	0.375	2.47	0	0.0	PREDICTED BINDER	non-binder
38	b3_A_cleaned	0.7327	0.0944	0.375	2.47	0	0.0	PREDICTED BINDER	non-binder
39	mutoutside_14_af3_cleaned	0.7386	0.1029	0.375	2.15	0	0.0	PREDICTED BINDER	non-binder
40	A_B_b3_noPTM_cleaned	0.7389	0.0953	0.375	2.47	0	0.0	PREDICTED BINDER	non-binder
41	mutconserved_1_af3_cleaned	0.7458	0.1108	0.375	1.86	0	0.0	PREDICTED BINDER	non-binder
42	2vwd_A_boltz2_cleaned	0.7708	0.105	0.375	2.24	0	0.0	unlikely binder	non-binder
43	2vsm_A_cleaned	0.7748	0.107	0.375	2.19	0	0.0	unlikely binder	non-binder
44	A_B_b2_noPTM_A_cleaned	0.7748	0.107	0.375	2.19	0	0.0	unlikely binder	non-binder
45	3gxu_A_cleaned	0.7838	0.1273	0.375	1.38	0	0.0	unlikely binder	non-binder
46	1v3d_A_cleaned	0.7986	0.1024	0.375	2.52	0	0.0	unlikely binder	non-binder
47	chymotrypsin_unbound_cleaned	0.8694	0.1351	0.375	1.55	0	0.0	unlikely binder	non-binder
48	6vy4_A_cleaned	0.8731	0.1034	0.375	2.91	0	0.0	unlikely binder	non-binder
49	5kv9_cleaned	0.8825	0.1097	0.375	2.70	0	0.0	unlikely binder	non-binder
50	2vsm_cleaned	1.3875	0.0882	0.25	—	0	0.0	unlikely binder	non-binder
51	A_B_b2_cleaned	1.3875	0.0882	0.25	—	0	0.0	unlikely binder	non-binder
52	A_B_b2_noPTM_cleaned	1.3875	0.0882	0.25	—	0	0.0	unlikely binder	non-binder
53	b2_cleaned	1.3875	0.0882	0.25	—	0	0.0	unlikely binder	non-binder
54	6cmg_cleaned	1.4003	0.0899	0.25	—	0	0.0	unlikely binder	non-binder
55	9dvd_cleaned	1.4176	0.0923	0.25	—	0	0.0	unlikely binder	non-binder
56	6p72_cleaned	1.4389	0.078	0.125	—	0	0.0	unlikely binder	non-binder
57	7syy_A_cleaned	1.4402	0.0954	0.25	—	0	0.0	unlikely binder	non-binder
58	5nop_A_cleaned	1.449	0.0967	0.25	—	0	0.0	unlikely binder	non-binder
59	mutoutside_15_af3_cleaned	1.4901	0.1023	0.25	—	0	0.0	unlikely binder	non-binder
60	A_B_b2_noPTM_A_boltz2_cleaned	1.4914	0.1025	0.25	—	0	0.0	unlikely binder	non-binder
61	1v3d_cleaned	1.4957	0.1031	0.25	—	0	0.0	unlikely binder	non-binder
62	1iko_cleaned	1.4973	0.1033	0.25	—	0	0.0	unlikely binder	non-binder
63	covid_closed_cleaned	1.4976	0.1034	0.25	—	0	0.0	unlikely binder	non-binder
64	7syy_cleaned	1.5107	0.0879	0.125	—	0	0.0	unlikely binder	non-binder
65	2vwd_A_cleaned	1.5119	0.1054	0.25	—	0	0.0	unlikely binder	non-binder
66	6vy5_cleaned	1.5227	0.0896	0.125	—	0	0.0	unlikely binder	non-binder
67	8ja5_cleaned	1.5418	0.0922	0.125	—	0	0.0	unlikely binder	non-binder
68	5nop_cleaned	1.5572	0.0943	0.125	—	0	0.0	unlikely binder	non-binder
69	2vsk_cleaned	1.5677	0.0958	0.125	—	0	0.0	unlikely binder	non-binder
70	8vf1_cleaned	1.5681	0.0958	0.125	—	0	0.0	unlikely binder	non-binder
71	8wjb_cleaned	1.5819	0.0977	0.125	—	0	0.0	unlikely binder	non-binder
72	6pd4_cleaned	1.5876	0.0985	0.125	—	0	0.0	unlikely binder	non-binder
73	1trn_cleaned	1.5928	0.1165	0.25	—	0	0.0	unlikely binder	non-binder
74	2x9m_cleaned	1.6121	0.1019	0.125	—	0	0.0	unlikely binder	non-binder
75	6pdl_cleaned	1.6194	0.0856	0.0	—	0	0.0	unlikely binder	non-binder
76	4wwy_cleaned	1.6208	0.1204	0.25	—	0	0.0	unlikely binder	non-binder
77	6vy4_cleaned	1.6281	0.0869	0.0	—	0	0.0	unlikely binder	non-binder
78	8xc4_cleaned	1.6373	0.0881	0.0	—	0	0.0	unlikely binder	non-binder
79	8ja5_A_cleaned	1.6555	0.1079	0.125	—	0	0.0	unlikely binder	non-binder
80	3gxu_cleaned	1.6624	0.1089	0.125	—	0	0.0	unlikely binder	non-binder
81	covid_open_cleaned	1.6895	0.0953	0.0	—	0	0.0	unlikely binder	non-binder
82	subtilisin_unbound_cleaned	1.875	0.1383	0.125	—	0	0.0	unlikely binder	non-binder
