residue_number	in_5a	in_union	in_both
39	False	True	False
40	False	True	False
41	False	True	False
74	False	True	False
140	False	True	False
141	False	True	False
144	False	True	False
145	False	True	False
162	False	True	False
200	False	True	False
201	False	True	False
218	False	True	False
221	False	True	False
222	False	True	False
223	False	True	False
224	False	True	False
226	False	True	False
228	False	True	False
232	False	True	False
234	False	True	False
256	True	True	True
257	False	True	False
258	True	True	True
259	True	True	True
260	True	True	True
261	True	True	True
310	False	True	False
311	False	True	False
312	False	True	False
313	True	True	True
315	True	True	True
318	True	True	True
320	True	True	True
323	False	True	False
328	True	True	True
329	True	True	True
330	True	True	True
331	True	True	True
333	True	True	True
334	True	True	True
335	False	True	False
336	True	True	True
337	True	True	True
338	True	True	True
339	False	True	False
340	True	True	True
341	True	True	True
354	False	True	False
355	False	True	False
356	False	True	False
386	False	True	False
393	True	False	False
