chain, residue_label, residue_name, score, zscore, probability, pocket
A,    1, SER,  0.0339,  -0.3606,   0.0007, 0
A,    2, GLU,  0.0509,  -0.3511,   0.0010, 0
A,    3, ILE,  0.2550,  -0.2373,   0.0105, 7
A,    4, LEU,  0.2318,  -0.2503,   0.0088, 7
A,    5, ASN,  0.0596,  -0.3463,   0.0012, 0
A,    6, ASN,  0.1170,  -0.3143,   0.0029, 0
A,    7, ILE,  0.1819,  -0.2781,   0.0059, 0
A,    8, ILE,  0.5139,  -0.0930,   0.0379, 0
A,    9, LEU,  0.1399,  -0.3015,   0.0039, 0
A,   10, ASN,  0.1850,  -0.2764,   0.0060, 7
A,   11, LEU,  0.0234,  -0.3664,   0.0005, 0
A,   12, ARG,  0.3774,  -0.1691,   0.0212, 7
A,   13, TYR,  0.1194,  -0.3129,   0.0030, 0
A,   14, LYS,  0.0326,  -0.3613,   0.0007, 0
A,   15, ASP,  0.0057,  -0.3763,   0.0003, 0
A,   16, ASN,  0.0198,  -0.3684,   0.0005, 0
A,   17, ASN,  0.0311,  -0.3621,   0.0007, 0
A,   18, LEU,  0.0344,  -0.3603,   0.0007, 0
A,   19, ILE,  0.0529,  -0.3500,   0.0011, 0
A,   20, ASP,  0.0311,  -0.3621,   0.0007, 0
A,   21, LEU,  0.0757,  -0.3373,   0.0016, 0
A,   22, SER,  0.0460,  -0.3538,   0.0009, 0
A,   23, GLY,  0.0603,  -0.3459,   0.0012, 0
A,   24, TYR,  0.1586,  -0.2910,   0.0047, 0
A,   25, GLY,  0.0355,  -0.3597,   0.0007, 0
A,   26, ALA,  0.0331,  -0.3610,   0.0007, 0
A,   27, LYS,  0.0155,  -0.3708,   0.0004, 0
A,   28, VAL,  0.0147,  -0.3713,   0.0004, 0
A,   29, GLU,  0.1873,  -0.2750,   0.0061, 0
A,   30, VAL,  0.1010,  -0.3231,   0.0024, 0
A,   31, TYR,  0.3287,  -0.1962,   0.0165, 0
A,   32, ASP,  0.1010,  -0.3232,   0.0024, 0
A,   33, GLY,  0.0522,  -0.3504,   0.0011, 0
A,   34, VAL,  0.0106,  -0.3736,   0.0004, 0
A,   35, GLU,  0.2812,  -0.2227,   0.0124, 2
A,   36, LEU,  0.0375,  -0.3585,   0.0008, 0
A,   37, ASN,  1.1017,   0.2346,   0.1686, 2
A,   38, ASP,  0.1539,  -0.2937,   0.0045, 0
A,   39, LYS,  3.0512,   1.3213,   0.6191, 1
A,   40, ASN,  0.2588,  -0.2352,   0.0107, 1
A,   41, GLN,  3.2591,   1.4372,   0.6500, 1
A,   42, PHE,  0.0234,  -0.3664,   0.0005, 0
A,   43, LYS,  1.0175,   0.1877,   0.1457, 0
A,   44, LEU,  0.0045,  -0.3769,   0.0003, 0
A,   45, THR,  0.1026,  -0.3223,   0.0024, 0
A,   46, SER,  0.0996,  -0.3240,   0.0023, 0
A,   47, SER,  0.1091,  -0.3187,   0.0027, 0
A,   48, ALA,  0.0386,  -0.3579,   0.0008, 0
A,   49, ASN,  0.0448,  -0.3545,   0.0009, 0
A,   50, SER,  0.0630,  -0.3443,   0.0013, 0
A,   51, LYS,  0.3090,  -0.2072,   0.0147, 0
A,   52, ILE,  0.1355,  -0.3039,   0.0037, 0
A,   53, ARG,  0.2873,  -0.2193,   0.0129, 0
A,   54, VAL,  0.0005,  -0.3792,   0.0002, 0
A,   55, THR,  0.0072,  -0.3754,   0.0003, 0
A,   56, GLN,  0.4267,  -0.1416,   0.0266, 6
A,   57, ASN,  0.0424,  -0.3559,   0.0009, 0
A,   58, GLN,  0.0553,  -0.3486,   0.0011, 0
A,   59, ASN,  0.0623,  -0.3448,   0.0013, 0
A,   60, ILE,  0.1023,  -0.3225,   0.0024, 0
A,   61, ILE,  0.1061,  -0.3203,   0.0025, 0
A,   62, PHE,  0.8267,   0.0814,   0.0975, 5
A,   63, ASN,  0.5696,  -0.0620,   0.0463, 5
A,   64, SER,  0.1282,  -0.3080,   0.0034, 0
A,   65, VAL,  0.2114,  -0.2616,   0.0075, 0
A,   66, PHE,  0.3983,  -0.1574,   0.0234, 0
A,   67, LEU,  0.7422,   0.0342,   0.0784, 5
A,   68, ASP,  0.2916,  -0.2169,   0.0133, 5
A,   69, PHE,  0.4787,  -0.1126,   0.0330, 6
A,   70, SER,  0.0140,  -0.3717,   0.0004, 0
A,   71, VAL,  0.4224,  -0.1440,   0.0261, 0
A,   72, SER,  0.1010,  -0.3231,   0.0024, 0
A,   73, PHE,  0.1490,  -0.2964,   0.0043, 0
A,   74, TRP,  1.5557,   0.4877,   0.2982, 1
A,   75, ILE,  0.0760,  -0.3371,   0.0016, 0
A,   76, ARG,  2.5787,   1.0579,   0.5371, 2
A,   77, ILE,  0.1699,  -0.2848,   0.0052, 0
A,   78, PRO,  0.3656,  -0.1757,   0.0200, 0
A,   79, LYS,  0.4765,  -0.1139,   0.0327, 0
A,   80, TYR,  0.8621,   0.1011,   0.1058, 0
A,   81, LYS,  0.7710,   0.0503,   0.0847, 0
A,   82, ASN,  0.1344,  -0.3045,   0.0036, 0
A,   83, ASP,  0.1455,  -0.2983,   0.0041, 0
A,   84, GLY,  0.6119,  -0.0384,   0.0533, 0
A,   85, ILE,  0.5007,  -0.1004,   0.0360, 0
A,   86, GLN,  0.1850,  -0.2763,   0.0060, 0
A,   87, ASN,  0.7447,   0.0356,   0.0790, 0
A,   88, TYR,  1.1078,   0.2380,   0.1704, 0
A,   89, ILE,  0.5712,  -0.0611,   0.0466, 0
A,   90, HIS,  0.1521,  -0.2947,   0.0044, 0
A,   91, ASN,  0.4934,  -0.1045,   0.0350, 0
A,   92, GLU,  0.1643,  -0.2879,   0.0050, 0
A,   93, TYR,  0.5480,  -0.0740,   0.0430, 0
A,   94, THR,  0.1639,  -0.2881,   0.0050, 0
A,   95, ILE,  0.0017,  -0.3785,   0.0003, 0
A,   96, ILE,  0.0050,  -0.3767,   0.0003, 0
A,   97, ASN,  0.2759,  -0.2256,   0.0120, 0
A,   98, CYS,  0.4512,  -0.1280,   0.0296, 0
A,   99, MET,  0.2755,  -0.2259,   0.0120, 0
A,  100, LYS,  0.0791,  -0.3354,   0.0017, 0
A,  101, ASN,  0.0437,  -0.3551,   0.0009, 0
A,  102, ASN,  0.0383,  -0.3581,   0.0008, 0
A,  103, SER,  0.0149,  -0.3712,   0.0004, 0
A,  104, GLY,  0.0201,  -0.3683,   0.0005, 0
A,  105, TRP,  0.4668,  -0.1193,   0.0315, 6
A,  106, LYS,  0.3249,  -0.1984,   0.0161, 0
A,  107, ILE,  0.1490,  -0.2964,   0.0043, 0
A,  108, SER,  0.1349,  -0.3043,   0.0037, 0
A,  109, ILE,  0.1967,  -0.2698,   0.0067, 0
A,  110, ARG,  0.3604,  -0.1786,   0.0195, 0
A,  111, GLY,  0.3643,  -0.1764,   0.0198, 0
A,  112, ASN,  0.3382,  -0.1910,   0.0174, 0
A,  113, ARG,  0.2332,  -0.2495,   0.0089, 0
A,  114, ILE,  0.1490,  -0.2964,   0.0043, 0
A,  115, ILE,  0.2729,  -0.2273,   0.0118, 0
A,  116, TRP,  0.5072,  -0.0968,   0.0369, 0
A,  117, THR,  0.3218,  -0.2001,   0.0159, 0
A,  118, LEU,  0.1146,  -0.3156,   0.0029, 0
A,  119, ILE,  0.2598,  -0.2346,   0.0108, 0
A,  120, ASP,  0.0250,  -0.3655,   0.0006, 0
A,  121, ILE,  0.0272,  -0.3643,   0.0006, 0
A,  122, ASN,  0.0117,  -0.3729,   0.0004, 0
A,  123, GLY,  0.0105,  -0.3736,   0.0004, 0
A,  124, LYS,  0.0112,  -0.3732,   0.0004, 0
A,  125, THR,  0.1283,  -0.3080,   0.0034, 0
A,  126, LYS,  0.0939,  -0.3271,   0.0021, 0
A,  127, SER,  0.2304,  -0.2510,   0.0088, 0
A,  128, VAL,  0.3426,  -0.1885,   0.0178, 0
A,  129, PHE,  0.3719,  -0.1722,   0.0206, 0
A,  130, PHE,  0.4085,  -0.1518,   0.0245, 0
A,  131, GLU,  0.3219,  -0.2000,   0.0159, 0
A,  132, TYR,  0.3108,  -0.2062,   0.0149, 0
A,  133, ASN,  0.1860,  -0.2758,   0.0061, 0
A,  134, ILE,  0.3250,  -0.1983,   0.0161, 0
A,  135, ARG,  0.2145,  -0.2599,   0.0077, 0
A,  136, GLU,  0.0734,  -0.3386,   0.0016, 0
A,  137, ASP,  0.1131,  -0.3164,   0.0028, 0
A,  138, ILE,  0.1939,  -0.2714,   0.0065, 0
A,  139, SER,  0.0656,  -0.3429,   0.0014, 0
A,  140, GLU,  0.8174,   0.0762,   0.0952, 1
A,  141, TYR,  0.5062,  -0.0973,   0.0368, 1
A,  142, ILE,  0.0613,  -0.3453,   0.0013, 0
A,  143, ASN,  0.3338,  -0.1934,   0.0170, 0
A,  144, ARG,  0.5974,  -0.0465,   0.0509, 1
A,  145, TRP,  4.1789,   1.9499,   0.7590, 1
A,  146, PHE,  1.0485,   0.2049,   0.1539, 0
A,  147, PHE,  0.4794,  -0.1123,   0.0331, 0
A,  148, VAL,  0.1490,  -0.2964,   0.0043, 0
A,  149, THR,  0.1048,  -0.3210,   0.0025, 0
A,  150, ILE,  0.1582,  -0.2913,   0.0047, 0
A,  151, THR,  0.0692,  -0.3409,   0.0015, 0
A,  152, ASN,  0.1196,  -0.3128,   0.0030, 0
A,  153, ASN,  0.3417,  -0.1890,   0.0177, 0
A,  154, LEU,  0.2469,  -0.2418,   0.0099, 0
A,  155, ASN,  0.1927,  -0.2721,   0.0064, 0
A,  156, ASN,  0.1783,  -0.2801,   0.0057, 0
A,  157, ALA,  0.0604,  -0.3458,   0.0012, 0
A,  158, LYS,  0.1960,  -0.2702,   0.0066, 0
A,  159, ILE,  0.1587,  -0.2910,   0.0047, 0
A,  160, TYR,  0.1822,  -0.2779,   0.0059, 0
A,  161, ILE,  0.3348,  -0.1928,   0.0171, 0
A,  162, ASN,  0.7705,   0.0500,   0.0846, 1
A,  163, GLY,  0.0319,  -0.3617,   0.0007, 0
A,  164, LYS,  0.1867,  -0.2754,   0.0061, 0
A,  165, LEU,  0.0839,  -0.3327,   0.0018, 0
A,  166, GLU,  0.2215,  -0.2560,   0.0082, 0
A,  167, SER,  0.1336,  -0.3050,   0.0036, 0
A,  168, ASN,  0.2128,  -0.2609,   0.0076, 0
A,  169, THR,  0.1511,  -0.2952,   0.0044, 0
A,  170, ASP,  0.0563,  -0.3481,   0.0012, 0
A,  171, ILE,  0.1172,  -0.3141,   0.0029, 0
A,  172, LYS,  0.0692,  -0.3409,   0.0015, 0
A,  173, ASP,  0.0254,  -0.3653,   0.0006, 0
A,  174, ILE,  0.1446,  -0.2989,   0.0041, 0
A,  175, ARG,  0.1160,  -0.3148,   0.0029, 0
A,  176, GLU,  0.4209,  -0.1448,   0.0259, 5
A,  177, VAL,  0.4441,  -0.1319,   0.0287, 5
A,  178, ILE,  0.3848,  -0.1650,   0.0219, 5
A,  179, ALA,  0.7915,   0.0617,   0.0893, 5
A,  180, ASN,  0.7987,   0.0657,   0.0909, 5
A,  181, GLY,  0.0198,  -0.3684,   0.0005, 0
A,  182, GLU,  0.0511,  -0.3510,   0.0010, 0
A,  183, ILE,  0.4305,  -0.1395,   0.0271, 0
A,  184, ILE,  0.2289,  -0.2519,   0.0086, 0
A,  185, PHE,  0.0064,  -0.3759,   0.0003, 0
A,  186, LYS,  0.1789,  -0.2797,   0.0057, 0
A,  187, LEU,  0.0178,  -0.3695,   0.0005, 0
A,  188, ASP,  0.0380,  -0.3583,   0.0008, 0
A,  189, GLY,  0.0220,  -0.3672,   0.0005, 0
A,  190, ASP,  0.0964,  -0.3257,   0.0022, 0
A,  191, ILE,  0.5002,  -0.1006,   0.0359, 0
A,  192, ASP,  0.8189,   0.0770,   0.0956, 0
A,  193, ARG,  0.0773,  -0.3364,   0.0017, 0
A,  194, THR,  0.5273,  -0.0855,   0.0399, 0
A,  195, GLN,  0.8969,   0.1205,   0.1144, 0
A,  196, PHE,  1.2459,   0.3150,   0.2093, 0
A,  197, ILE,  0.1409,  -0.3009,   0.0039, 0
A,  198, TRP,  2.0181,   0.7454,   0.4177, 2
A,  199, MET,  0.0234,  -0.3664,   0.0005, 0
A,  200, LYS,  2.1971,   0.8452,   0.4586, 1
A,  201, TYR,  1.7602,   0.6017,   0.3535, 1
A,  202, PHE,  0.1181,  -0.3136,   0.0030, 0
A,  203, SER,  0.1114,  -0.3173,   0.0027, 7
A,  204, ILE,  0.4662,  -0.1196,   0.0314, 6
A,  205, PHE,  0.4667,  -0.1193,   0.0315, 0
A,  206, ASN,  0.2806,  -0.2230,   0.0124, 0
A,  207, THR,  0.1508,  -0.2954,   0.0044, 0
A,  208, GLU,  0.2912,  -0.2172,   0.0133, 0
A,  209, LEU,  0.0867,  -0.3311,   0.0019, 0
A,  210, SER,  0.0943,  -0.3269,   0.0022, 0
A,  211, GLN,  0.0820,  -0.3338,   0.0018, 0
A,  212, SER,  0.0131,  -0.3722,   0.0004, 0
A,  213, ASN,  0.0444,  -0.3547,   0.0009, 0
A,  214, ILE,  0.0386,  -0.3580,   0.0008, 0
A,  215, GLU,  0.0259,  -0.3650,   0.0006, 0
A,  216, GLU,  0.0193,  -0.3687,   0.0005, 0
A,  217, ARG,  0.1482,  -0.2968,   0.0042, 7
A,  218, TYR,  0.8895,   0.1163,   0.1125, 1
A,  219, LYS,  0.0920,  -0.3282,   0.0021, 0
A,  220, ILE,  0.2535,  -0.2382,   0.0103, 0
A,  221, GLN,  1.8016,   0.6248,   0.3641, 1
A,  222, SER,  2.7897,   1.1755,   0.5759, 1
A,  223, TYR,  1.6903,   0.5627,   0.3349, 1
A,  224, SER,  1.8956,   0.6771,   0.3880, 1
A,  225, GLU,  0.2101,  -0.2624,   0.0075, 0
A,  226, TYR,  1.9457,   0.7051,   0.4001, 1
A,  227, LEU,  0.3790,  -0.1682,   0.0213, 0
A,  228, LYS,  2.9747,   1.2786,   0.6072, 1
A,  229, ASP,  0.6583,  -0.0125,   0.0615, 0
A,  230, PHE,  0.2627,  -0.2330,   0.0110, 0
A,  231, TRP,  1.5994,   0.5120,   0.3101, 0
A,  232, GLY,  2.1409,   0.8139,   0.4456, 1
A,  233, ASN,  3.8972,   1.7929,   0.7309, 2
A,  234, PRO,  2.4011,   0.9589,   0.5020, 1
A,  235, LEU,  0.0493,  -0.3520,   0.0010, 0
A,  236, MET,  0.4189,  -0.1460,   0.0257, 2
A,  237, TYR,  0.0603,  -0.3459,   0.0012, 0
A,  238, ASN,  0.0725,  -0.3391,   0.0015, 0
A,  239, LYS,  1.2017,   0.2904,   0.1968, 2
A,  240, GLU,  0.1468,  -0.2976,   0.0042, 0
A,  241, TYR,  0.4492,  -0.1291,   0.0293, 0
A,  242, TYR,  0.1934,  -0.2716,   0.0065, 0
A,  243, MET,  0.0233,  -0.3665,   0.0005, 0
A,  244, PHE,  0.3103,  -0.2065,   0.0148, 4
A,  245, ASN,  0.1105,  -0.3178,   0.0027, 0
A,  246, ALA,  0.2826,  -0.2220,   0.0125, 4
A,  247, GLY,  0.1785,  -0.2800,   0.0057, 3
A,  248, ASN,  0.2133,  -0.2606,   0.0076, 3
A,  249, LYS,  0.1909,  -0.2731,   0.0063, 4
A,  250, ASN,  0.1256,  -0.3095,   0.0033, 0
A,  251, SER,  0.1218,  -0.3116,   0.0031, 0
A,  252, TYR,  0.1368,  -0.3032,   0.0037, 0
A,  253, ILE,  0.0362,  -0.3593,   0.0007, 0
A,  254, LYS,  0.1553,  -0.2929,   0.0046, 0
A,  255, LEU,  0.1304,  -0.3068,   0.0035, 0
A,  256, LYS,  0.2433,  -0.2439,   0.0096, 0
A,  257, LYS,  0.0612,  -0.3453,   0.0013, 0
A,  258, ASP,  0.0319,  -0.3617,   0.0007, 0
A,  259, SER,  0.2365,  -0.2476,   0.0092, 0
A,  260, PRO,  0.7027,   0.0122,   0.0702, 0
A,  261, VAL,  0.6224,  -0.0325,   0.0551, 0
A,  262, GLY,  0.0000,  -0.3795,   0.0002, 0
A,  263, GLU,  0.0251,  -0.3654,   0.0006, 0
A,  264, ILE,  0.0971,  -0.3253,   0.0022, 0
A,  265, LEU,  0.1513,  -0.2951,   0.0044, 0
A,  266, THR,  0.1876,  -0.2749,   0.0062, 0
A,  267, ARG,  0.1349,  -0.3042,   0.0037, 0
A,  268, SER,  0.1285,  -0.3078,   0.0034, 0
A,  269, LYS,  0.1674,  -0.2862,   0.0051, 0
A,  270, TYR,  0.1336,  -0.3050,   0.0036, 0
A,  271, ASN,  0.0943,  -0.3269,   0.0022, 0
A,  272, GLN,  0.1024,  -0.3224,   0.0024, 0
A,  273, ASN,  0.0587,  -0.3467,   0.0012, 0
A,  274, SER,  0.0881,  -0.3303,   0.0020, 0
A,  275, LYS,  0.1903,  -0.2734,   0.0063, 0
A,  276, TYR,  0.4299,  -0.1399,   0.0270, 0
A,  277, ILE,  0.2147,  -0.2598,   0.0077, 0
A,  278, ASN,  0.0400,  -0.3572,   0.0008, 0
A,  279, TYR,  0.1264,  -0.3090,   0.0033, 0
A,  280, ARG,  0.1034,  -0.3218,   0.0025, 0
A,  281, ASP,  0.1307,  -0.3066,   0.0035, 0
A,  282, LEU,  0.0515,  -0.3507,   0.0010, 0
A,  283, TYR,  0.2144,  -0.2599,   0.0077, 0
A,  284, ILE,  0.1848,  -0.2765,   0.0060, 0
A,  285, GLY,  0.1348,  -0.3044,   0.0037, 0
A,  286, GLU,  0.0813,  -0.3341,   0.0018, 0
A,  287, LYS,  0.2074,  -0.2638,   0.0073, 0
A,  288, PHE,  0.0316,  -0.3618,   0.0007, 0
A,  289, ILE,  0.0620,  -0.3449,   0.0013, 0
A,  290, ILE,  0.0269,  -0.3645,   0.0006, 0
A,  291, ARG,  0.1477,  -0.2971,   0.0042, 0
A,  292, ARG,  0.1347,  -0.3044,   0.0037, 0
A,  293, LYS,  0.7075,   0.0149,   0.0712, 0
A,  294, SER,  0.1328,  -0.3054,   0.0036, 0
A,  295, ASP,  0.0671,  -0.3421,   0.0014, 0
A,  296, ASP,  0.0632,  -0.3442,   0.0013, 0
A,  297, ILE,  0.0984,  -0.3246,   0.0023, 0
A,  298, VAL,  0.0043,  -0.3770,   0.0003, 0
A,  299, ARG,  0.0398,  -0.3573,   0.0008, 0
A,  300, LYS,  0.6527,  -0.0157,   0.0605, 0
A,  301, GLU,  0.1435,  -0.2995,   0.0040, 0
A,  302, ASP,  0.0262,  -0.3649,   0.0006, 0
A,  303, TYR,  0.1029,  -0.3221,   0.0024, 0
A,  304, ILE,  0.0026,  -0.3780,   0.0003, 0
A,  305, TYR,  0.6861,   0.0030,   0.0669, 0
A,  306, LEU,  0.0000,  -0.3795,   0.0002, 0
A,  307, ASP,  0.0162,  -0.3704,   0.0004, 0
A,  308, PHE,  0.0204,  -0.3681,   0.0005, 0
A,  309, PHE,  0.1182,  -0.3136,   0.0030, 0
A,  310, ASN,  0.1551,  -0.2930,   0.0046, 0
A,  311, LEU,  0.0910,  -0.3287,   0.0021, 0
A,  312, ASN,  0.0489,  -0.3522,   0.0010, 0
A,  313, GLN,  0.0965,  -0.3257,   0.0022, 0
A,  314, GLU,  0.0780,  -0.3360,   0.0017, 0
A,  315, TRP,  0.1459,  -0.2981,   0.0041, 0
A,  316, ARG,  0.3318,  -0.1945,   0.0168, 0
A,  317, VAL,  0.0000,  -0.3795,   0.0002, 0
A,  318, TYR,  0.7800,   0.0553,   0.0867, 0
A,  319, THR,  0.3655,  -0.1757,   0.0200, 0
A,  320, TYR,  1.1002,   0.2338,   0.1682, 0
A,  321, LYS,  0.5656,  -0.0642,   0.0457, 0
A,  322, TYR,  0.5893,  -0.0510,   0.0496, 0
A,  323, PHE,  0.5266,  -0.0859,   0.0398, 0
A,  324, LYS,  0.1791,  -0.2797,   0.0057, 0
A,  325, LYS,  0.2337,  -0.2492,   0.0090, 0
A,  326, GLU,  0.2102,  -0.2623,   0.0075, 0
A,  327, GLU,  0.6406,  -0.0224,   0.0583, 3
A,  328, GLU,  0.5950,  -0.0478,   0.0505, 0
A,  329, LYS,  0.7656,   0.0473,   0.0835, 0
A,  330, LEU,  0.3679,  -0.1744,   0.0202, 0
A,  331, PHE,  1.5360,   0.4767,   0.2927, 0
A,  332, LEU,  0.2154,  -0.2594,   0.0078, 0
A,  333, ALA,  0.7915,   0.0617,   0.0893, 0
A,  334, PRO,  0.5725,  -0.0603,   0.0468, 0
A,  335, ILE,  0.2287,  -0.2520,   0.0086, 0
A,  336, SER,  0.6432,  -0.0209,   0.0588, 0
A,  337, ASP,  0.6516,  -0.0163,   0.0603, 0
A,  338, SER,  0.7648,   0.0468,   0.0833, 0
A,  339, ASP,  0.0954,  -0.3263,   0.0022, 0
A,  340, GLU,  0.8559,   0.0976,   0.1043, 0
A,  341, PHE,  1.9410,   0.7025,   0.3990, 0
A,  342, TYR,  0.4836,  -0.1099,   0.0337, 0
A,  343, ASN,  0.6810,   0.0001,   0.0659, 0
A,  344, THR,  0.4999,  -0.1008,   0.0359, 0
A,  345, ILE,  0.0000,  -0.3795,   0.0002, 0
A,  346, GLN,  0.1292,  -0.3074,   0.0034, 0
A,  347, ILE,  0.0339,  -0.3605,   0.0007, 0
A,  348, LYS,  0.2380,  -0.2468,   0.0093, 0
A,  349, GLU,  0.5994,  -0.0454,   0.0512, 0
A,  350, TYR,  0.1571,  -0.2919,   0.0046, 0
A,  351, ASP,  0.2763,  -0.2255,   0.0120, 0
A,  352, GLU,  0.2394,  -0.2460,   0.0094, 0
A,  353, GLN,  0.3728,  -0.1717,   0.0207, 0
A,  354, PRO,  1.2459,   0.3150,   0.2093, 1
A,  355, THR,  1.4958,   0.4543,   0.2815, 1
A,  356, TYR,  2.5796,   1.0584,   0.5373, 1
A,  357, SER,  0.4052,  -0.1536,   0.0241, 4
A,  358, CYS,  0.0423,  -0.3559,   0.0009, 0
A,  359, GLN,  0.0004,  -0.3793,   0.0002, 0
A,  360, LEU,  0.0000,  -0.3795,   0.0002, 0
A,  361, LEU,  0.1804,  -0.2789,   0.0058, 0
A,  362, PHE,  0.0372,  -0.3587,   0.0008, 0
A,  363, LYS,  0.3469,  -0.1861,   0.0182, 0
A,  364, LYS,  0.4558,  -0.1254,   0.0301, 0
A,  365, ASP,  0.3634,  -0.1769,   0.0197, 0
A,  366, GLU,  0.2519,  -0.2391,   0.0102, 0
A,  367, GLU,  0.0100,  -0.3739,   0.0004, 0
A,  368, SER,  0.0101,  -0.3738,   0.0004, 0
A,  369, THR,  0.0823,  -0.3336,   0.0018, 0
A,  370, ASP,  0.0499,  -0.3516,   0.0010, 0
A,  371, GLU,  0.2184,  -0.2577,   0.0080, 0
A,  372, ILE,  0.1256,  -0.3094,   0.0033, 0
A,  373, GLY,  0.0212,  -0.3677,   0.0005, 0
A,  374, LEU,  0.1541,  -0.2936,   0.0045, 0
A,  375, ILE,  0.0000,  -0.3795,   0.0002, 0
A,  376, GLY,  0.4128,  -0.1494,   0.0250, 0
A,  377, ILE,  0.6661,  -0.0082,   0.0630, 3
A,  378, HIS,  0.7999,   0.0664,   0.0911, 3
A,  379, ARG,  0.7892,   0.0605,   0.0888, 0
A,  380, PHE,  0.2377,  -0.2470,   0.0093, 0
A,  381, TYR,  0.6827,   0.0011,   0.0663, 0
A,  382, GLU,  0.1476,  -0.2972,   0.0042, 0
A,  383, SER,  0.1066,  -0.3200,   0.0026, 0
A,  384, GLY,  0.0332,  -0.3610,   0.0007, 0
A,  385, ILE,  0.0439,  -0.3550,   0.0009, 0
A,  386, VAL,  0.0897,  -0.3295,   0.0020, 0
A,  387, PHE,  0.1881,  -0.2746,   0.0062, 0
A,  388, GLU,  0.2454,  -0.2427,   0.0098, 0
A,  389, GLU,  0.0731,  -0.3387,   0.0016, 0
A,  390, TYR,  0.5247,  -0.0870,   0.0395, 0
A,  391, LYS,  0.1165,  -0.3145,   0.0029, 0
A,  392, ASP,  0.1393,  -0.3018,   0.0038, 0
A,  393, TYR,  0.2114,  -0.2617,   0.0075, 0
A,  394, PHE,  0.0000,  -0.3795,   0.0002, 0
A,  395, CYS,  0.4039,  -0.1543,   0.0240, 0
A,  396, ILE,  0.2769,  -0.2251,   0.0121, 0
A,  397, SER,  0.5827,  -0.0546,   0.0485, 3
A,  398, LYS,  0.1712,  -0.2840,   0.0053, 0
A,  399, TRP,  0.7499,   0.0385,   0.0801, 3
A,  400, TYR,  0.6904,   0.0054,   0.0678, 3
A,  401, LEU,  0.1180,  -0.3137,   0.0030, 0
A,  402, LYS,  0.1580,  -0.2914,   0.0047, 0
A,  403, GLU,  0.1364,  -0.3034,   0.0037, 0
A,  404, VAL,  0.1267,  -0.3088,   0.0033, 0
A,  405, LYS,  0.1365,  -0.3034,   0.0037, 0
A,  406, ARG,  0.0471,  -0.3532,   0.0010, 0
A,  407, LYS,  0.0316,  -0.3619,   0.0007, 0
A,  408, PRO,  0.0232,  -0.3665,   0.0005, 0
A,  409, TYR,  0.0273,  -0.3642,   0.0006, 0
A,  410, ASN,  0.0436,  -0.3552,   0.0009, 0
A,  411, LEU,  0.2589,  -0.2352,   0.0107, 4
A,  412, LYS,  0.2404,  -0.2455,   0.0094, 3
A,  413, LEU,  0.2789,  -0.2240,   0.0122, 3
A,  414, GLY,  0.4611,  -0.1224,   0.0308, 3
A,  415, CYS,  0.0984,  -0.3246,   0.0023, 0
A,  416, ASN,  0.1360,  -0.3037,   0.0037, 0
A,  417, TRP,  0.0475,  -0.3530,   0.0010, 0
A,  418, GLN,  0.4222,  -0.1441,   0.0261, 4
A,  419, PHE,  0.0242,  -0.3660,   0.0006, 0
A,  420, ILE,  0.0190,  -0.3689,   0.0005, 0
A,  421, PRO,  0.7075,   0.0149,   0.0712, 2
A,  422, LYS,  0.5773,  -0.0577,   0.0476, 2
A,  423, ASP,  2.2805,   0.8917,   0.4769, 2
A,  424, GLU,  1.2505,   0.3176,   0.2107, 2
A,  425, GLY,  0.8140,   0.0743,   0.0944, 0
A,  426, TRP,  0.0802,  -0.3347,   0.0017, 0
A,  427, THR,  0.0818,  -0.3339,   0.0018, 0
A,  428, GLU,  0.1152,  -0.3152,   0.0029, 0
A,  429, PRO,  0.0939,  -0.3271,   0.0021, 0
A,  430, PRO,  0.1076,  -0.3195,   0.0026, 0
